loco_number,current_operator,vehicle_description,train_id,route,date_time_added,last_seen,lat,lon,source
1101,,QUBE Containerised Freight,5116,5116 TIFF (West Tamworth) Cooks River / IMEX Terminal Moorebank,2026-05-02T02:34:12.338876Z,2026-05-02T13:03:19.673293Z,-32.660637,151.340347,trains.json
1102,,Qube Trip Train,T963,T963,2026-05-01T16:02:22.508770Z,2026-05-02T09:31:09.208054Z,-34.4731,150.89204,trains.json
1437,,QUBE Trip Train,T262,T262 Moorebank IMEX Terminal Port Botany,2026-05-01T16:02:22.508770Z,2026-05-02T13:03:19.673293Z,-33.96495,151.214373,trains.json
2212,,Aurizon Fuel Shunt / Wagon Transfer,2212,2212,2026-05-01T22:02:52.625536Z,2026-05-02T13:03:19.673293Z,-34.827007,138.51808,trains.json
4836,,,2M50M,2M50M,2026-05-01T17:32:11.102310Z,2026-05-02T11:33:58.854165Z,-34.305253,150.592747,trains.json
4903,,,2M50R,2M50R,2026-05-01T22:02:52.625536Z,2026-05-02T11:33:58.854165Z,-34.305667,150.594187,trains.json
5005,,AZ Coal,BW352A,BW352A,2026-05-01T16:02:22.508770Z,2026-05-02T03:31:41.198982Z,-32.902923,151.75672,trains.json
5009,,AZ Coal,JW998A,JW998A,2026-05-01T16:02:22.508770Z,2026-05-02T01:03:49.189918Z,-32.904993,151.749627,trains.json
5021,,AZ Coal,HA465,HA465,2026-05-01T16:02:22.508770Z,2026-05-02T09:31:09.208054Z,-32.87262,151.717507,trains.json
5025,,AZ Coal,AT710,AT710 Wilpinjong Mac Generation Antiene,2026-05-01T16:33:33.123186Z,2026-05-01T21:03:03.212633Z,-32.345273,150.9718,trains.json
5031,,AZ Coal,JW977,JW977 NCIG Kooragang Wambo / Jerry Plains,2026-05-01T16:02:22.508770Z,2026-05-02T11:33:58.854165Z,-32.582553,151.035973,trains.json
5032,,AZ Coal,WG917,WG917 NCIG Kooragang Wilpinjong,2026-05-01T16:02:22.508770Z,2026-05-02T05:33:25.867811Z,-32.332787,149.875347,trains.json
5033,,Up Ardglen Bank Engines,AZBKUP,AZBKUP Chilcotts Creek Loop Ardglen Loop,2026-05-01T18:02:19.568398Z,2026-05-01T19:31:30.048631Z,-31.665677,150.739453,trains.json
5034,,AZ Coal,HA479,HA479,2026-05-01T16:02:22.508770Z,2026-05-01T19:31:30.048631Z,-32.823283,151.680627,trains.json
5041,,AZ Coal,MP952,MP952 Mt Pleasant NCIG Kooragang,2026-05-01T16:02:22.508770Z,2026-05-02T05:02:52.457395Z,-32.837187,151.68704,trains.json
5042,,Down Ardglen Bank Engines,AZBKDN,AZBKDN Ardglen Loop Chilcotts Creek Loop,2026-05-01T17:03:17.780165Z,2026-05-01T19:31:30.048631Z,-31.66536,150.73924,trains.json
6001,,Aurizon Wagon Transfer,9451,9451 Port Kembla Hexham TSF,2026-05-02T01:33:05.355076Z,2026-05-02T09:31:09.208054Z,-32.82425,151.680853,trains.json
6003,,AZ Trip Train,T951,T951 Inner Harbour / Unanderra / Cringila Area Inner Harbour / Unanderra / Cringila Area,2026-05-01T16:02:22.508770Z,2026-05-02T11:33:58.854165Z,-34.44194,150.88672,trains.json
6007,,AZ Trip Train,T455,T455,2026-05-01T17:03:17.780165Z,2026-05-02T12:03:54.495244Z,-32.824997,151.681187,trains.json
6008,,,PW433,PW433,2026-05-01T16:02:22.508770Z,2026-05-01T16:02:22.508770Z,-32.91126,151.770747,trains.json
6011,,AZ Coal,BW184,BW184 Mt Arthur PWCS Kooragang,2026-05-01T16:02:22.508770Z,2026-05-02T09:31:09.208054Z,-32.867317,151.754773,trains.json
6021,,AZ Coal,NB520,NB520 Narrabri PWCS Kooragang,2026-05-01T16:02:22.508770Z,2026-05-02T02:03:43.962023Z,-32.83704,151.687107,trains.json
6025,,Aurizon Intermodal,6SP1,6SP1 Glenlee Kwinana,2026-05-01T16:33:33.123186Z,2026-05-02T13:03:19.673293Z,-30.60311,130.501107,trains.json
6027,,AZ Coal,WH958,WH958 Whitehaven NCIG Kooragang,2026-05-01T16:02:22.508770Z,2026-05-02T02:03:43.962023Z,-31.328647,150.5558,trains.json
6043,,Aurizon Loaded Grain,5454,5454 North West NSW Carrington,2026-05-01T16:02:22.508770Z,2026-05-02T02:03:43.962023Z,-32.913217,151.76808,trains.json
8030,,QUBE Trip Train,T961,T961,2026-05-01T22:31:39.679498Z,2026-05-02T05:02:52.457395Z,-34.476527,150.901747,trains.json
8106,,PN Steel Shunt,K714,K714 Acacia Ridge,2026-05-02T09:02:33.883804Z,2026-05-02T11:02:54.863060Z,-27.564273,153.02848,trains.json
8107,,PN Morandoo Shunter,MODOO,MODOO Morandoo,2026-05-02T00:33:33.671879Z,2026-05-02T12:03:54.495244Z,-32.89924,151.75716,trains.json
8108,,PN Shunter,SHUNT,SHUNT,2026-05-01T17:03:17.780165Z,2026-05-01T17:03:17.780165Z,-34.8558,138.577933,trains.json
8110,,PN Cement,1921,1921 Clyde Port Kembla,2026-05-02T00:33:33.671879Z,2026-05-02T04:03:35.423661Z,-34.47491,150.90272,trains.json
8119,,Maintenance Train,1M41,1M41,2026-05-01T16:33:33.123186Z,2026-05-02T10:33:54.109373Z,-34.216883,150.592413,trains.json
8122,,PN Melbourne Freight Terminal Shunter,9928,9928 MFT (South Dynon),2026-05-01T16:02:22.508770Z,2026-05-02T07:01:16.269401Z,-37.803943,144.920867,trains.json
8124,,Maintenance Train,M521,M521,2026-05-01T16:33:33.123186Z,2026-05-01T19:31:30.048631Z,-34.05605,150.823947,trains.json
8125,,PN Grain,9786,9786 Hopetoun Line Murtoa,2026-05-01T18:02:19.568398Z,2026-05-02T10:02:48.052449Z,-36.610153,142.469093,trains.json
8126,,Maintenance Train,M551A,M551A,2026-05-01T16:33:33.123186Z,2026-05-02T04:32:02.339668Z,-34.041963,150.83692,trains.json
8129,,PN Light Engine,D108,D108,2026-05-01T17:03:17.780165Z,2026-05-02T03:02:41.497814Z,-33.840543,151.024427,trains.json
8131,,8131,8131,8131,2026-05-01T21:03:03.212633Z,2026-05-01T21:03:03.212633Z,-33.133337,148.099587,trains.json
8134,,Maintenance Train,2M40B,2M40B,2026-05-01T17:32:11.102310Z,2026-05-02T11:02:54.863060Z,-34.1962,150.592053,trains.json
8135,,Maintenance Train,2M40,2M40,2026-05-01T17:32:11.102310Z,2026-05-02T10:33:54.109373Z,-34.176477,150.60736,trains.json
8141,,Empty Coal,M542,M542 Jilalan Yard / Callemondah Yard German Creek,2026-05-01T16:33:33.123186Z,2026-05-02T13:03:19.673293Z,-34.051667,150.82944,trains.json
8144,,8144,8144,8144,2026-05-02T13:03:19.673293Z,2026-05-02T13:03:19.673293Z,-36.630833,142.481667,trains.json
8146,,,3M60,3M60,2026-05-01T16:02:22.508770Z,2026-05-02T07:33:13.225952Z,-34.78743,147.802667,trains.json
8151,,PN Intermodal Trip Train - RSS Crewed,1159,1159 Port Botany St Marys Freight Hub,2026-05-01T16:02:22.508770Z,2026-05-02T09:02:33.883804Z,-33.761927,150.773813,trains.json
8155,,PN Light Engine,D131,D131,2026-05-01T23:31:39.024689Z,2026-05-02T01:03:49.189918Z,-33.844757,151.0284,trains.json
8160,,Empty Coal,M551,M551 Callemondah Yard German Creek,2026-05-01T16:33:33.123186Z,2026-05-02T04:32:02.339668Z,-34.045667,150.835453,trains.json
8171,,PN Trip Train,T107,T107,2026-05-02T00:33:33.671879Z,2026-05-02T05:33:25.867811Z,-33.909013,151.08476,trains.json
8178,,PN Empty Ore,4833,4833 Carrington Goonumbla,2026-05-02T06:03:21.745788Z,2026-05-02T12:03:54.495244Z,-33.899983,151.070813,trains.json
8203,,PN Light Engine,D922,D922,2026-05-02T02:34:12.338876Z,2026-05-02T10:02:48.052449Z,-34.476493,150.89528,trains.json
8204,,PN Light Engine,D921,D921,2026-05-02T10:02:48.052449Z,2026-05-02T10:02:48.052449Z,-34.477843,150.902813,trains.json
8209,,PN Port Waratah Shunter,WSTEND,WSTEND Port Waratah,2026-05-02T02:34:12.338876Z,2026-05-02T03:31:41.198982Z,-32.903417,151.754333,trains.json
8211,,PN Light Engine,D912,D912,2026-05-02T04:32:02.339668Z,2026-05-02T04:32:02.339668Z,-34.479073,150.906333,trains.json
8216,,PN Light Engine Movement,D409,D409,2026-05-01T16:02:22.508770Z,2026-05-02T13:03:19.673293Z,-32.90287,151.75516,trains.json
8227,,"PN Trip Train, pre 1533",T199,T199 Enfield Intermodal Logistics Centre Enfield Yard,2026-05-01T18:32:36.697424Z,2026-05-01T19:02:50.446470Z,-33.900243,151.071893,trains.json
8230,,Maintenance Train,2M42,2M42,2026-05-01T17:03:17.780165Z,2026-05-02T06:03:21.745788Z,-34.213717,150.593893,trains.json
8234,,PN Grain,4529,4529 Carrington North West NSW,2026-05-01T16:02:22.508770Z,2026-05-01T21:03:03.212633Z,-29.548233,149.84176,trains.json
8237,,PN Grain,5420,5420 North West NSW Carrington,2026-05-02T00:33:33.671879Z,2026-05-02T13:03:19.673293Z,-30.840433,150.072773,trains.json
8238,,,4432,4432,2026-05-02T02:34:12.338876Z,2026-05-02T07:01:16.269401Z,-32.909973,151.770267,trains.json
8239,,PN Grain Shunter,GRAIN,GRAIN,2026-05-02T08:03:36.971806Z,2026-05-02T08:32:53.971117Z,-32.919133,151.767693,trains.json
8249,,PN Grain Shuttle,5524,5524 North West NSW North West NSW,2026-05-01T16:33:33.123186Z,2026-05-02T13:03:19.673293Z,-31.345817,150.6418,trains.json
8252,,PN Grain,5428,5428 North West NSW Carrington / Cargill Kooragang,2026-05-01T22:02:52.625536Z,2026-05-02T13:03:19.673293Z,-31.112293,150.268093,trains.json
8255,,PN Grain Shuttle,5521,5521 North West NSW North West NSW,2026-05-01T17:32:11.102310Z,2026-05-01T21:03:03.212633Z,-30.343823,149.76032,trains.json
8256,,PN Grain,4523G,4523G,2026-05-02T11:02:54.863060Z,2026-05-02T13:03:19.673293Z,-32.69668,151.39272,trains.json
8257,,PN Grain,5430,5430 North West NSW Carrington / Cargill Kooragang,2026-05-01T16:02:22.508770Z,2026-05-02T11:02:54.863060Z,-32.903317,151.755147,trains.json
9029,,PN Coal,ND277,ND277 PWCS Kooragang Newdell,2026-05-01T16:02:22.508770Z,2026-05-02T13:03:19.673293Z,-32.39475,151.00676,trains.json
9203,,PN Coal,MT967,MT967 NCIG Kooragang Mount Thorley,2026-05-01T16:02:22.508770Z,2026-05-02T13:03:19.673293Z,-32.63463,151.10628,trains.json
9206,,PN Coal,BE521,BE521 PWCS Kooragang Boggabri East,2026-05-01T16:02:22.508770Z,2026-05-02T13:03:19.673293Z,-30.62863,150.11144,trains.json
9301,,PN Coal,MB938,MB938 Maules Creek NCIG Kooragang,2026-05-01T16:02:22.508770Z,2026-05-02T12:31:56.578266Z,-32.868837,151.72292,trains.json
9302,,PN Coal,GR445,GR445,2026-05-01T16:02:22.508770Z,2026-05-02T13:03:19.673293Z,-32.671203,151.370587,trains.json
9304,,PN Coal,BE550,BE550 Boggabri East PWCS Kooragang,2026-05-01T16:02:22.508770Z,2026-05-02T13:03:19.673293Z,-32.7391,151.574507,trains.json
9305,,PN Coal,GR427,GR427,2026-05-01T16:02:22.508770Z,2026-05-02T12:31:56.578266Z,-32.674947,151.375493,trains.json
9307,,PN Coal,BE514,BE514 Boggabri East PWCS Kooragang,2026-05-01T16:02:22.508770Z,2026-05-02T12:31:56.578266Z,-31.35379,150.604747,trains.json
9311,,PN Coal,MB950,MB950 Maules Creek NCIG Kooragang,2026-05-01T16:02:22.508770Z,2026-05-02T13:03:19.673293Z,-31.245477,150.463067,trains.json
9312,,PN Coal,MB512,MB512 Maules Creek PWCS Kooragang,2026-05-01T22:02:52.625536Z,2026-05-02T13:03:19.673293Z,-31.677527,150.752347,trains.json
9313,,PN Coal,BE502,BE502 Boggabri East PWCS Kooragang,2026-05-01T16:02:22.508770Z,2026-05-02T13:03:19.673293Z,-31.85554,150.896667,trains.json
9416,,PN Intermodal,6MP4,6MP4 MFT (South Dynon) Kewdale,2026-05-01T16:02:22.508770Z,2026-05-02T13:03:19.673293Z,-30.48538,131.498067,trains.json
42103,,,2M40F,2M40F,2026-05-01T16:02:22.508770Z,2026-05-02T13:03:19.673293Z,-34.294563,150.58224,trains.json
44202,,Qube Light Engine,D960,D960,2026-05-01T17:03:17.780165Z,2026-05-01T17:03:17.780165Z,-34.466663,150.87904,trains.json
44208,,Manildra Mills Shunter,MRA1,MRA1 Manildra,2026-05-01T22:02:52.625536Z,2026-05-02T02:34:12.338876Z,-33.186677,148.69548,trains.json
ACB4403,,Aurizon Empty Lime & Cement Shuttle,7C74,7C74 Parkeston West Kalgoorlie,2026-05-01T16:02:22.508770Z,2026-05-02T13:03:19.673293Z,-30.778053,121.421761,trains.json
ACB4404,,N/A,1,1,2026-05-01T16:02:22.508770Z,2026-05-02T13:03:19.673293Z,-32.256329,115.757286,trains.json
ACD6046,,Aurizon Empty Mineral Sands Shuttle,8802,"8802 Broken Hill Tronox Siding, Ivanhoe",2026-05-02T07:33:13.225952Z,2026-05-02T08:03:36.971806Z,-31.958173,141.46956,trains.json
ACD6047,,Aurizon Mineral Sands shuttle,5552,5552 Broken Hill Yard Bemax Siding,2026-05-01T23:03:30.107607Z,2026-05-02T00:33:33.671879Z,-31.972893,141.45176,trains.json
ACD6049,,Aurizon Intermodal,7SP1,7SP1 Glenlee Kwinana,2026-05-01T16:02:22.508770Z,2026-05-02T13:03:19.673293Z,-31.968543,141.457027,trains.json
ACD6050,,Aurizon Intermodal,6PM1,"6PM1 Aurizon, Forrestfield North Dynon",2026-05-02T04:03:35.423661Z,2026-05-02T13:03:19.673293Z,-31.004943,126.091467,trains.json
ACD6051,,Aurizon Wagon Transfer,1149,1149 Port Flat Dry Creek North Yard,2026-05-01T16:02:22.508770Z,2026-05-02T06:31:11.501259Z,-34.82185,138.594347,trains.json
ACD6052,,Aurizon Intermodal,5MP1,"5MP1 North Dynon Aurizon, Forrestfield",2026-05-01T16:02:22.508770Z,2026-05-02T12:31:56.578266Z,-30.98038,126.56736,trains.json
ACD6056,,Aurizon Intermodal,7MP1,"7MP1 North Dynon Aurizon, Forrestfield",2026-05-02T00:33:33.671879Z,2026-05-02T13:03:19.673293Z,-37.801217,144.920133,trains.json
ACD6057,,Aurizon Intermodal,4PM1,"4PM1 Aurizon, Forrestfield North Dynon",2026-05-01T16:02:22.508770Z,2026-05-02T12:31:56.578266Z,-37.800697,144.919107,trains.json
ACD6058,,SCT Intermodal,7MA9,"7MA9 SCT, Laverton SCT, Penfield",2026-05-02T07:01:16.269401Z,2026-05-02T13:03:19.673293Z,-36.625237,142.324707,trains.json
ACD6061,,Aurizon Intermodal,6MP1,"6MP1 North Dynon Aurizon, Forrestfield",2026-05-02T10:33:54.109373Z,2026-05-02T13:03:19.673293Z,-34.57743,138.513867,trains.json
ACD6064,,Aurizon Intermodal,7PS1,"7PS1 Aurizon, Forrestfield Glenlee",2026-05-02T05:33:25.867811Z,2026-05-02T13:03:19.673293Z,-30.825237,120.302347,trains.json
ACD6065,,Aurizon Intermodal,3SP1,3SP1 Glenlee Kwinana,2026-05-01T17:32:11.102310Z,2026-05-01T17:32:11.102310Z,-31.94966,115.9908,trains.json
ACD6066,,Aurizon Intermodal,6PM1,"6PM1 Aurizon, Forrestfield North Dynon",2026-05-01T16:02:22.508770Z,2026-05-02T04:03:35.423661Z,-30.77062,121.434653,trains.json
ACD6067,,MRL Loaded Iron Ore,7041,7041 Koolyanobbing East Esperance,2026-05-02T07:33:13.225952Z,2026-05-02T10:33:54.109373Z,-30.793477,121.393853,trains.json
ACD6069,,Aurizon Loaded Grain,2182S,"2182S Tailem Bend Viterra, Pelican Point",2026-05-02T06:31:11.501259Z,2026-05-02T13:03:19.673293Z,-34.897677,138.583987,trains.json
ACD6071,,Loaded Aurizon Ore,6WD3,6WD3 Argyle Siding Berrimah,2026-05-01T16:02:22.508770Z,2026-05-01T20:33:00.772685Z,-12.470003,130.910333,trains.json
ACD6073,,Aurizon Intermodal,1101,1101,2026-05-01T16:02:22.508770Z,2026-05-02T02:34:12.338876Z,-34.82315,138.592227,trains.json
ALF19,,Aurizon Empty Grain,1283,1283 Dry Creek North Wolseley (Tailem Bend if 2nd division),2026-05-01T16:02:22.508770Z,2026-05-01T23:31:39.024689Z,-36.36362,140.89424,trains.json
B75,,,M144B,M144B,2026-05-01T22:02:52.625536Z,2026-05-02T09:31:09.208054Z,-33.888413,151.201613,trains.json
BL29,,BL29,BL29,BL29,2026-05-02T13:03:19.673293Z,2026-05-02T13:03:19.673293Z,-37.805437,144.931573,trains.json
BL33,,PN Grain,7733V,7733V Geelong Grain Loop Western Victoria,2026-05-01T22:02:52.625536Z,2026-05-02T05:02:52.457395Z,-38.075233,144.234173,trains.json
BRM001,,SSR Manildra Grain Shuttle,8874,8874 Western NSW Manildra,2026-05-02T08:32:53.971117Z,2026-05-02T10:33:54.109373Z,-33.186723,148.69404,trains.json
C502,,SSR Containerised Freight,8178,"8178 Grainforce Siding, Kelso Port Botany",2026-05-01T22:15:31.143054Z,2026-05-02T12:31:56.578266Z,-33.955137,151.218427,trains.json
C505,,SSR Containerised Freight,8178,"8178 Grainforce Siding, Kelso Port Botany",2026-05-02T01:03:49.189918Z,2026-05-02T08:32:53.971117Z,-33.962347,151.219387,trains.json
C508,,SSR Cement,1445,"1445 Leightonfield (ex Berrima Cement Works on train #2144) Boral, Kooragang Island",2026-05-01T17:32:11.102310Z,2026-05-01T19:02:50.446470Z,-32.882767,151.7606,trains.json
CEY003,,SSR Coal,AR03,AR03 NCIG Kooragang / Vales Point / Lidsdale Airly,2026-05-01T16:02:22.508770Z,2026-05-02T13:03:19.673293Z,-33.83985,151.02292,trains.json
CF4424,,Aurizon Empty Grain,4557,4557 Carrington North West NSW,2026-05-01T16:02:22.508770Z,2026-05-01T19:02:50.446470Z,-29.472927,149.848227,trains.json
CF4426,,Aurizon Empty Grain,4557,4557 Carrington North West NSW,2026-05-01T19:31:30.048631Z,2026-05-02T04:03:35.423661Z,-29.48556,149.87552,trains.json
CF4427,,AZ Coal,NB512,NB512 Narrabri PWCS Kooragang,2026-05-01T16:02:22.508770Z,2026-05-01T22:02:52.625536Z,-32.867177,151.75396,trains.json
CF4429,,SCT Intermodal,3PG1,"3PG1 SCT, Forrestfield SCT, Parkes",2026-05-01T16:02:22.508770Z,2026-05-02T00:01:53.348874Z,-33.134823,148.124267,trains.json
CF4431,,SCT Intermodal,5MP9,"5MP9 SCT, Laverton SCT, Forrestfield",2026-05-01T16:02:22.508770Z,2026-05-02T13:03:19.673293Z,-31.015447,124.45636,trains.json
CF4433,,SCT Intermodal,5PM9,"5PM9 SCT, Forrestfield SCT, Laverton",2026-05-01T16:02:22.508770Z,2026-05-02T13:03:19.673293Z,-31.657763,137.150453,trains.json
CF4434,,SRS-Crawfords Container Train,1591,1591 Port Botany Werris Creek,2026-05-02T07:33:13.225952Z,2026-05-02T10:02:48.052449Z,-30.302613,149.78792,trains.json
CF4435,,SRS Containerised Freight,5192,5192 Narrabri Enfield Intermodal Logistics Centre,2026-05-02T04:32:02.339668Z,2026-05-02T07:33:13.225952Z,-30.45191,149.882947,trains.json
CM3305,,QUBE Empty Zinc,1503S,"1503S Bowmans CBH Rasp Siding, Broken Hill",2026-05-01T16:02:22.508770Z,2026-05-01T23:03:30.107607Z,-31.962217,141.46448,trains.json
CM3308,,Aurizon Shunter,AUZSHT,AUZSHT,2026-05-02T02:03:43.962023Z,2026-05-02T06:03:21.745788Z,-31.965597,141.46056,trains.json
CM3310,,Aurizon Shunter,AUZSHT,AUZSHT,2026-05-01T22:31:39.679498Z,2026-05-01T23:03:30.107607Z,-31.964727,141.46096,trains.json
CSR014,,SCT Intermodal,5BM9,"5BM9 SCT, Bromelton SCT, Laverton",2026-05-01T16:02:22.508770Z,2026-05-01T21:03:03.212633Z,-37.854947,144.79056,trains.json
CSR016,,SCT Steel Transfer,9743V,"9743V North Dynon SCT, Laverton",2026-05-01T21:03:03.212633Z,2026-05-02T00:01:53.348874Z,-37.861233,144.78136,trains.json
CSR017,,SCT Intermodal,4PM9,"4PM9 SCT, Forrestfield SCT, Laverton",2026-05-01T16:02:22.508770Z,2026-05-02T13:03:19.673293Z,-36.326973,141.538467,trains.json
CSR019,,SCT Intermodal,7PG1,"7PG1 SCT, Forrestfield SCT, Parkes",2026-05-01T16:02:22.508770Z,2026-05-02T13:03:19.673293Z,-31.95073,115.990973,trains.json
CSR020,,SCT Intermodal,6MP9,"6MP9 SCT, Laverton SCT, Forrestfield",2026-05-01T16:02:22.508770Z,2026-05-02T13:03:19.673293Z,-32.60321,137.901773,trains.json
DS003,,Maintenance Train,M570,M570,2026-05-01T20:33:00.772685Z,2026-05-02T04:32:02.339668Z,-34.027113,150.842573,trains.json
EA2501,,NSW Trainlink Empty Car Transfer (ex NP24),HP25,HP25 Central Sydenham XPT Maintenance Centre,2026-05-02T07:01:16.269401Z,2026-05-02T08:03:36.971806Z,-33.916013,151.16408,trains.json
EA2502,,NSW Trainlink Xplorer,NP23,NP23 Central Moree/Armidale,2026-05-01T22:31:39.679498Z,2026-05-02T08:03:36.971806Z,-30.515667,151.652227,trains.json
EA2508,,"NSW TrainLink Xplorer
(from NP23)",NP43,NP43 Werris Creek Moree,2026-05-02T05:33:25.867811Z,2026-05-02T09:02:33.883804Z,-29.471527,149.84828,trains.json
EC2521,,NSW Trainlink Xplorer,NP24,NP24 Armidale/Moree Central,2026-05-01T22:02:52.625536Z,2026-05-02T01:03:49.189918Z,-31.311337,150.65224,trains.json
EC2526,,NSW Trainlink Empty Car Transfer,HP26,HP26 Sydenham XPT Maintenance Centre Eveleigh,2026-05-01T22:15:31.143054Z,2026-05-02T09:02:33.883804Z,-33.895333,151.193227,trains.json
FIE003,,SSR Containerised Freight,8148,8148 Fletcher's Siding Dubbo Port Botany,2026-05-01T22:31:39.679498Z,2026-05-02T13:03:19.673293Z,-33.43661,149.66028,trains.json
FQ02,,Aurizon Empty Grain,1281,1281 Dry Creek North Tailem Bend,2026-05-01T23:03:30.107607Z,2026-05-02T04:32:02.339668Z,-35.24243,139.44496,trains.json
G513,,SSR Loaded Cement,4645,4645 Broadmeadow Boambee Beach,2026-05-01T16:02:22.508770Z,2026-05-02T08:03:36.971806Z,-30.315843,153.131667,trains.json
G516,,Swift Trip Train,T171,T171 Port Botany Enfield,2026-05-01T16:02:22.508770Z,2026-05-01T21:03:03.212633Z,-33.902957,151.073773,trains.json
G519,,PN Grain,7733V,7733V Geelong Grain Loop Western Victoria,2026-05-02T06:03:21.745788Z,2026-05-02T12:31:56.578266Z,-36.622757,142.476907,trains.json
G520,,PN Containerised Freight,7902V,7902V Merbein Appleton Dock,2026-05-01T16:02:22.508770Z,2026-05-02T06:03:21.745788Z,-34.170077,142.056573,trains.json
G521,,QUBE Loaded Zinc,5100S,"5100S CBH Rasp Mine Siding, Broken Hill Bowmans",2026-05-01T23:03:30.107607Z,2026-05-02T13:03:19.673293Z,-32.87484,139.218453,trains.json
G534,,Swift Trip Train,T173,T173 Port Botany Enfield,2026-05-01T16:02:22.508770Z,2026-05-02T09:02:33.883804Z,-33.89975,151.072027,trains.json
G535,,N/A,G535,G535,2026-05-02T09:02:33.883804Z,2026-05-02T09:31:09.208054Z,-37.79991,144.920293,trains.json
G536,,PN Light Engine Movement,0506,0506,2026-05-01T19:31:30.048631Z,2026-05-02T13:03:19.673293Z,-37.80539,144.931587,trains.json
G539,,PN Containerised Freight,7901V,7901V Appleton Dock Merbein,2026-05-01T16:02:22.508770Z,2026-05-02T06:03:21.745788Z,-34.170103,142.05604,trains.json
G540,,PN Grain,7739V,7739V Geelong Grain Loop Western Victoria,2026-05-02T10:02:48.052449Z,2026-05-02T12:31:56.578266Z,-36.449103,142.02904,trains.json
GL103,,SCT Steel Shunt / Wine Train,1161,"1161 Wingfield / Pelican Point SCT, Penfield",2026-05-01T22:31:39.679498Z,2026-05-01T22:31:39.679498Z,-34.701657,138.59764,trains.json
GM27,,SSR Trip Train,T275,T275,2026-05-01T19:31:30.048631Z,2026-05-02T01:33:05.355076Z,-33.859923,150.972293,trains.json
GWA002,,Aurizon Intermodal,7DA2,7DA2 Berrimah (Darwin) Gillman Yard (Port Flat),2026-05-01T22:15:31.143054Z,2026-05-02T13:03:19.673293Z,-19.676195,134.1638,trains.json
GWA004,,Aurizon Intermodal,6AD1,6AD1 Gillman Yard (Port Flat) Berrimah (Darwin),2026-05-01T17:03:17.780165Z,2026-05-02T13:03:19.673293Z,-26.564278,133.4036,trains.json
GWA005,,Aurizon Intermodal,7AD1,7AD1 Gillman Yard (Port Flat) Berrimah (Darwin),2026-05-02T05:02:52.457395Z,2026-05-02T13:03:19.673293Z,-31.70039,137.203267,trains.json
GWA008,,Aurizon Intermodal,5AD1,5AD1 Gillman Yard (Port Flat) Berrimah (Darwin),2026-05-01T16:33:33.123186Z,2026-05-02T11:33:58.854165Z,-12.466955,130.919773,trains.json
GWA009,,Aurizon Loaded Grain,2184,"2184 Wolseley Viterra, Pelican Point",2026-05-02T00:01:53.348874Z,2026-05-02T13:03:19.673293Z,-35.001257,138.797027,trains.json
GWA010,,Aurizon Empty Ore,1DW4,1DW4 Berrimah Argyle Siding,2026-05-02T09:31:09.208054Z,2026-05-02T10:02:48.052449Z,-12.465947,130.921707,trains.json
GWB104,,Aurizon Empty Ore,6911,6911 Whyalla Wirrida,2026-05-01T23:31:39.024689Z,2026-05-02T13:03:19.673293Z,-29.51128,134.546067,trains.json
GWB106,,Aurizon Loaded Copper,8102,8102 Pimba Gillman Yard (Port Flat),2026-05-01T16:02:22.508770Z,2026-05-02T13:03:19.673293Z,-32.34498,137.603253,trains.json
GWU001,,ORA Coal,BW415,BW415,2026-05-01T16:02:22.508770Z,2026-05-02T13:03:19.673293Z,-32.929743,151.724973,trains.json
GWU006,,ORA Coal,MN294,MN294 Mangoola PWCS Kooragang,2026-05-01T16:02:22.508770Z,2026-05-02T13:03:19.673293Z,-32.266147,150.884373,trains.json
GWU007,,ORA Coal,UL303,UL303 PWCS Kooragang Ulan,2026-05-01T18:32:36.697424Z,2026-05-02T13:03:19.673293Z,-32.273947,149.758253,trains.json
GWU008,,ORA Coal,MO377,MO377 PWCS Kooragang Mount Owen,2026-05-01T16:02:22.508770Z,2026-05-02T13:03:19.673293Z,-32.84356,151.690293,trains.json
GWU011,,ORA Shunter,1R,1R,2026-05-01T16:02:22.508770Z,2026-05-02T13:03:19.673293Z,-32.458153,151.1016,trains.json
GWU013,,Aurizon Loaded Ore,9614,9614 Wirrida Whyalla,2026-05-01T16:02:22.508770Z,2026-05-02T11:33:58.854165Z,-32.47681,137.77092,trains.json
HM2701,,Hunter Line Service,V782,V782 Telarah Newcastle Interchange,2026-05-01T16:02:22.508770Z,2026-05-02T12:31:56.578266Z,-32.842717,151.690067,trains.json
HM2702,,Hunter Line Service,V792,V792 Telarah Newcastle Interchange,2026-05-01T16:02:22.508770Z,2026-05-01T16:33:33.123186Z,-32.92212,151.754547,trains.json
HM2704,,Hunter Line Service,V974,V974 Dungog Newcastle Interchange,2026-05-01T19:31:30.048631Z,2026-05-02T11:02:54.863060Z,-32.919263,151.749653,trains.json
HM2705,,Hunter Line Service,V778,V778 Telarah Newcastle Interchange,2026-05-01T17:03:17.780165Z,2026-05-02T12:03:54.495244Z,-32.923613,151.758027,trains.json
HM2706,,Hunter Line Service,V682,V682 Scone Newcastle Interchange,2026-05-01T17:32:11.102310Z,2026-05-02T13:03:19.673293Z,-32.92355,151.757907,trains.json
HM2707,,Hunter Line Service,V673,V673 Newcastle Interchange Singleton,2026-05-02T10:33:54.109373Z,2026-05-02T11:33:58.854165Z,-32.572123,151.16572,trains.json
HM2751,,Hunter Line Service,V793,V793 Newcastle Interchange Telarah,2026-05-01T16:33:33.123186Z,2026-05-02T13:03:19.673293Z,-32.926573,151.728813,trains.json
HM2752,,Empty Car Transfer,V892,V892 Newcastle Interchange Broadmeadow Maintenance Centre,2026-05-01T16:33:33.123186Z,2026-05-01T16:33:33.123186Z,-32.920247,151.751013,trains.json
HM2754,,Empty Car Transfer,V874,V874 Newcastle Interchange Broadmeadow Maintenance Centre,2026-05-01T16:02:22.508770Z,2026-05-02T11:33:58.854165Z,-32.928377,151.72536,trains.json
HM2755,,Hunter Line Service,V787,V787 Newcastle Interchange Telarah,2026-05-01T16:02:22.508770Z,2026-05-02T12:31:56.578266Z,-32.927937,151.7264,trains.json
HM2756,,Hunter Railcar Transfer,V882,V882 Newcastle Interchange Broadmeadow Maintenance Centre,2026-05-01T18:02:19.568398Z,2026-05-02T13:03:19.673293Z,-32.92588,151.729987,trains.json
HM2757,,Hunter Line Service,V674,V674 Singleton Newcastle Interchange,2026-05-02T11:33:58.854165Z,2026-05-02T12:31:56.578266Z,-32.890963,151.713947,trains.json
JP9750,,,byron-solar,byron-solar north-beach north-beach,2026-05-02T00:33:33.671879Z,2026-05-02T07:33:13.225952Z,-28.629404,153.584649,trains.json
LDP002,,PN Coal,HV953,HV953 Kooragang NCIG Hunter Valley,2026-05-01T16:02:22.508770Z,2026-05-02T13:03:19.673293Z,-32.392143,151.003053,trains.json
LDP004,,PN Coal,WK942,WK942 Warkworth NCIG Kooragang,2026-05-01T16:02:22.508770Z,2026-05-02T13:03:19.673293Z,-32.727937,151.523827,trains.json
LDP008,,PN Coal,BG262,BG262 Bengalla PWCS Kooragang,2026-05-01T16:02:22.508770Z,2026-05-02T13:03:19.673293Z,-32.66001,151.32016,trains.json
LE2854,,Bathurst Bullet,WN17,WN17 Central Bathurst,2026-05-01T19:02:50.446470Z,2026-05-02T12:03:54.495244Z,-33.506413,149.7492,trains.json
LE2856,,South Coast Service,KN86,KN86 Bomaderry (Nowra) Kiama,2026-05-01T19:31:30.048631Z,2026-05-02T12:31:56.578266Z,-34.42788,150.888187,trains.json
LE2863,,Bathurst Bullet,WN15,WN15 Central Bathurst,2026-05-01T18:02:19.568398Z,2026-05-02T09:31:09.208054Z,-33.42553,149.583333,trains.json
LZ3109,,,S50,S50,2026-05-01T16:02:22.508770Z,2026-05-02T11:02:54.863060Z,-31.64084,116.626973,trains.json
LZ3119,,N/A,7116,7116,2026-05-02T02:34:12.338876Z,2026-05-02T12:03:54.495244Z,-31.898283,116.0258,trains.json
MAN001,,SSR Empty Manildra Grain,9579,9579 Bomaderry North West NSW,2026-05-01T16:02:22.508770Z,2026-05-02T12:31:56.578266Z,-29.50074,149.853373,trains.json
MAN007,,SSR Manildra Grain Shuttle,8878,8878 Western NSW / Manildra Manildra / Kelso,2026-05-01T16:02:22.508770Z,2026-05-02T02:03:43.962023Z,-33.143027,148.17868,trains.json
MAN008,,SSR Manildra Grain Banker,5976B,5976B,2026-05-01T16:02:22.508770Z,2026-05-02T08:32:53.971117Z,-34.855047,150.611853,trains.json
MAN010,,SSR Loaded Manildra Grain,5976,5976 North West NSW Bomaderry,2026-05-01T16:02:22.508770Z,2026-05-02T06:03:21.745788Z,-34.807927,150.649093,trains.json
MAN015,,SSR Empty Manildra Flour,1977,1977 Enfield Bomaderry,2026-05-02T10:33:54.109373Z,2026-05-02T13:03:19.673293Z,-33.96836,151.107893,trains.json
MAN017,,SSR Manildra Grain Shuttle,8876,8876 Western NSW Manildra,2026-05-01T19:31:30.048631Z,2026-05-02T12:31:56.578266Z,-33.197867,148.475147,trains.json
MRL001,,SSR Trip Train (Weston Milling),T271,T271 Enfield,2026-05-01T17:03:17.780165Z,2026-05-02T08:32:53.971117Z,-33.89031,151.070413,trains.json
MRL005,,,M144,M144,2026-05-01T22:02:52.625536Z,2026-05-02T10:02:48.052449Z,-33.88643,151.203413,trains.json
N452,,Northern Line Service,8084,8084 Swan Hill Southern Cross,2026-05-01T22:02:52.625536Z,2026-05-02T09:31:09.208054Z,-37.77471,144.82252,trains.json
N455,,SSR Grain Shuttle,9595,9595 Appleton Dock Tottenham Yard,2026-05-01T20:03:01.831790Z,2026-05-02T03:02:41.497814Z,-37.800043,144.8714,trains.json
N460,,Bank Siding Shunter,PILOT,PILOT,2026-05-02T01:33:05.355076Z,2026-05-02T09:02:33.883804Z,-37.811713,144.947987,trains.json
N464,,SSR BG Grain,9097,9097 Tottenham Yard Piangil Line / Deniliquin Line,2026-05-02T12:03:54.495244Z,2026-05-02T12:31:56.578266Z,-37.79982,144.869747,trains.json
N473,,SSR BG Grain,9097,9097 Tottenham Yard Piangil Line / Deniliquin Line,2026-05-02T11:33:58.854165Z,2026-05-02T11:33:58.854165Z,-37.806307,144.94064,trains.json
NR1,,PN Infrabuild Steel,7XM4,7XM4 Spencer Jct MFT (South Dynon),2026-05-02T02:03:43.962023Z,2026-05-02T13:03:19.673293Z,-34.586157,138.516147,trains.json
NR4,,PN Loaded Fuel Service,5446,5446 Esprance West Kalgoorlie,2026-05-01T16:02:22.508770Z,2026-05-01T16:33:33.123186Z,-33.851967,121.897187,trains.json
NR5,,PN Infrabuild Steel,6NY3,6NY3 Morandoo Whyalla,2026-05-01T16:02:22.508770Z,2026-05-02T11:33:58.854165Z,-32.474393,137.77104,trains.json
NR6,,PN Intermodal,8126,8126 Parkes Logistics Terminal SFT (Chullora),2026-05-02T00:33:33.671879Z,2026-05-02T10:33:54.109373Z,-33.88801,151.051533,trains.json
NR8,,PN Intermodal,5PM5,5PM5 Kewdale MFT (South Dynon),2026-05-01T16:02:22.508770Z,2026-05-02T13:03:19.673293Z,-34.868197,138.575587,trains.json
NR10,,PN Intermodal (via Lithgow),7SP7,7SP7 SFT (Chullora) Kewdale,2026-05-01T16:02:22.508770Z,2026-05-02T13:03:19.673293Z,-33.0212,138.011893,trains.json
NR11,,PN Intermodal,5SP5,5SP5 SFT (Chullora) Kewdale,2026-05-01T16:02:22.508770Z,2026-05-02T12:31:56.578266Z,-31.984353,115.959867,trains.json
NR16,,PN Broken Hill Shunter,BHSHNT,BHSHNT Broken Hill,2026-05-02T12:31:56.578266Z,2026-05-02T12:31:56.578266Z,-31.965047,141.46104,trains.json
NR19,,PN Light Engine,D103,D103,2026-05-02T02:34:12.338876Z,2026-05-02T02:34:12.338876Z,-34.867337,138.57904,trains.json
NR20,,PN Intermodal,6MP5,6MP5 MFT (South Dynon) Kewdale,2026-05-01T16:02:22.508770Z,2026-05-02T13:03:19.673293Z,-32.46907,137.767827,trains.json
NR27,,JBR Indian Pacific,7PA8,7PA8 East Perth Terminal Adelaide Parklands Terminal,2026-05-02T05:33:25.867811Z,2026-05-02T13:03:19.673293Z,-31.634603,116.989627,trains.json
NR30,,PN Infrabuild Steel,7YN2,7YN2 Whyalla Morandoo,2026-05-02T02:03:43.962023Z,2026-05-02T13:03:19.673293Z,-31.95893,141.468373,trains.json
NR34,,PN Shunter,SHUNT,SHUNT,2026-05-01T21:03:03.212633Z,2026-05-02T00:01:53.348874Z,-33.122983,148.11424,trains.json
NR35,,PN Intermodal,6BA6,6BA6 Acacia Ridge AFT (Islington),2026-05-02T03:31:41.198982Z,2026-05-02T13:03:19.673293Z,-33.08249,148.86312,trains.json
NR39,,JBR Indian Pacific,5AP8,5AP8 Adelaide Parklands Terminal East Perth Terminal,2026-05-01T16:02:22.508770Z,2026-05-02T11:02:54.863060Z,-31.984913,115.970387,trains.json
NR40,,PN Intermodal,6PS7,6PS7 Kewdale SFT (Chullora),2026-05-01T16:02:22.508770Z,2026-05-02T13:03:19.673293Z,-30.487083,131.483653,trains.json
NR43,,PN Intermodal,7MP7,7MP7 MFT (South Dynon) Kewdale,2026-05-01T16:02:22.508770Z,2026-05-02T13:03:19.673293Z,-30.71012,134.647387,trains.json
NR44,,PN Infrabuild Steel,7SB3,7SB3 Chullora Acacia Ridge,2026-05-02T08:03:36.971806Z,2026-05-02T13:03:19.673293Z,-33.299533,151.422067,trains.json
NR47,,PN Intermodal,5MP5,5MP5 MFT (South Dynon) Kewdale,2026-05-01T16:02:22.508770Z,2026-05-02T13:03:19.673293Z,-30.841203,121.197707,trains.json
NR49,,PN Infrabuild Steel,7BS4,7BS4 Acacia Ridge Chullora,2026-05-01T22:31:39.679498Z,2026-05-02T13:03:19.673293Z,-28.201187,152.884173,trains.json
NR51,,PN Intermodal,6PM6,6PM6 Kewdale MFT (South Dynon),2026-05-01T16:33:33.123186Z,2026-05-02T13:03:19.673293Z,-30.89487,127.619787,trains.json
NR52,,PN Sadleirs Transfer,9784V,"9784V Sadleirs, Spotswood MFT (South Dynon)",2026-05-01T19:31:30.048631Z,2026-05-02T02:34:12.338876Z,-37.80467,144.914507,trains.json
NR53,,PN Intermodal,7PM5,7PM5 Kewdale MFT (South Dynon),2026-05-02T04:32:02.339668Z,2026-05-02T07:33:13.225952Z,-31.755863,116.06824,trains.json
NR56,,PN Intermodal,5BM4,5BM4 Acacia Ridge MFT (South Dynon),2026-05-01T16:02:22.508770Z,2026-05-01T18:02:19.568398Z,-37.8048,144.912373,trains.json
NR58,,PN Intermodal,5MB4,5MB4 MFT (South Dynon) Acacia Ridge,2026-05-01T16:02:22.508770Z,2026-05-01T21:03:03.212633Z,-27.570965,153.029067,trains.json
NR59,,PN Intermodal,5PS6,5PS6 Kewdale SFT (Chullora),2026-05-01T16:02:22.508770Z,2026-05-02T13:03:19.673293Z,-32.481523,137.771387,trains.json
NR61,,NR61,NR61,NR61,2026-05-01T23:03:30.107607Z,2026-05-02T12:31:56.578266Z,-32.46997,137.768493,trains.json
NR63,,PN Intermodal,6BA6,6BA6 Acacia Ridge AFT (Islington),2026-05-01T16:02:22.508770Z,2026-05-02T03:31:41.198982Z,-33.888087,151.051133,trains.json
NR64,,PN Intermodal,6AB6,6AB6 AFT (Islington) Acacia Ridge,2026-05-01T16:02:22.508770Z,2026-05-02T13:03:19.673293Z,-33.748493,150.65536,trains.json
NR68,,PN Steel Transfer,4659,4659 Spencer Junction Whyalla,2026-05-01T21:03:03.212633Z,2026-05-01T22:31:39.679498Z,-32.992587,137.58024,trains.json
NR76,,PN Intermodal,5MB5,5MB5 MFT (South Dynon) Acacia Ridge,2026-05-01T20:33:00.772685Z,2026-05-02T07:33:13.225952Z,-27.709888,152.994373,trains.json
NR78,,PN Intermodal,4PM4,4PM4 Kewdale MFT (South Dynon),2026-05-01T16:02:22.508770Z,2026-05-02T12:31:56.578266Z,-37.804713,144.914573,trains.json
NR91,,PN Intermodal,1829,1829 SFT (Chullora) Parkes Logistics Terminal,2026-05-01T23:31:39.024689Z,2026-05-02T13:03:19.673293Z,-33.133057,148.09988,trains.json
NR96,,PN Intermodal,6SP5,6SP5 SFT (Chullora) Kewdale,2026-05-01T16:02:22.508770Z,2026-05-02T13:03:19.673293Z,-30.926427,127.258747,trains.json
NR103,,PN Intermodal,6PM7,6PM7 Kewdale MFT (South Dynon),2026-05-01T16:02:22.508770Z,2026-05-02T13:03:19.673293Z,-30.612813,130.415653,trains.json
NR104,,PN Intermodal,7SP5,7SP5 SFT (Chullora) Kewdale,2026-05-02T01:33:05.355076Z,2026-05-02T12:03:54.495244Z,-33.1399,148.144707,trains.json
NR107,,PN Intermodal,4PS6,4PS6 Kewdale SFT (Chullora),2026-05-01T16:02:22.508770Z,2026-05-02T08:32:53.971117Z,-33.88725,151.052747,trains.json
NR112,,PN Intermodal,7MP5,7MP5 MFT (South Dynon) Kewdale,2026-05-02T07:33:13.225952Z,2026-05-02T13:03:19.673293Z,-37.01303,142.721107,trains.json
NR113,,JBR The Ghan Expedition,4DA8E,4DA8E Berrimah Passenger Terminal (Darwin) Adelaide Parklands Terminal,2026-05-01T16:02:22.508770Z,2026-05-02T04:32:02.339668Z,-34.864157,138.5784,trains.json
NR115,,PN Intermodal,4MP5,4MP5 MFT (South Dynon) Kewdale,2026-05-01T16:02:22.508770Z,2026-05-01T21:03:03.212633Z,-31.984543,115.961707,trains.json
NR119,,PN Keswick Shunter,KSHNT,KSHNT Keswick,2026-05-02T00:33:33.671879Z,2026-05-02T06:03:21.745788Z,-34.93257,138.58104,trains.json
NR120,,PN Light Engine Movement,DSP5,DSP5,2026-05-01T19:31:30.048631Z,2026-05-01T20:03:01.831790Z,-33.88725,151.05252,trains.json
PB4,,Watco Trip Train,T922,T922,2026-05-01T16:33:33.123186Z,2026-05-02T13:03:19.673293Z,-34.455603,150.87604,trains.json
PB5,,Watco Light Engine Movement,D923,D923,2026-05-02T04:32:02.339668Z,2026-05-02T13:03:19.673293Z,-34.447573,150.879173,trains.json
PHC001,,SRS-Crawfords Container Train,4190,4190 Crawfords Sandgate Port Botany,2026-05-01T16:02:22.508770Z,2026-05-02T12:03:54.495244Z,-33.961637,151.219107,trains.json
PHC002,,SRS-Crawfords Container Train,4190,4190 Crawfords Sandgate Port Botany,2026-05-01T23:03:30.107607Z,2026-05-02T05:02:52.457395Z,-33.93212,151.189067,trains.json
Q4003,,,7463,7463,2026-05-02T08:03:36.971806Z,2026-05-02T13:03:19.673293Z,-29.367403,121.452148,trains.json
Q4004,,Gold Valley Iron Ore,4462,4462 Malcolm West Kalgoorlie,2026-05-01T16:02:22.508770Z,2026-05-02T13:03:19.673293Z,-30.776144,121.425186,trains.json
Q4013,,Aurizon Kalgoorlie Mixed Freight,6426,6426 West Kalgoorlie Kwinana,2026-05-01T16:02:22.508770Z,2026-05-02T01:03:49.189918Z,-32.241821,115.784798,trains.json
Q4018,,Aurizon Lynas Containers,6476,6476 Leonora West Kalgoorlie,2026-05-01T18:02:19.568398Z,2026-05-02T03:31:41.198982Z,-30.721063,121.46392,trains.json
QE003,,QUBE Containerised Freight,5112,5112 Narrabri West Port Botany / IMEX Rail Terminal Moorebank,2026-05-01T16:02:22.508770Z,2026-05-01T23:31:39.024689Z,-33.92584,151.177507,trains.json
QE005,,Qube Grain,9869,9869 Inner Harbour Western NSW,2026-05-01T16:02:22.508770Z,2026-05-02T03:31:41.198982Z,-32.026573,147.97928,trains.json
QL011,,QUBE Grain,3964,3964 Southern NSW Inner Harbour,2026-05-01T16:33:33.123186Z,2026-05-01T19:02:50.446470Z,-34.444287,150.88932,trains.json
QL012,,QUBE BlueScope Steel,6BW7,6BW7 Acacia Ridge Port Kembla,2026-05-01T16:02:22.508770Z,2026-05-02T06:31:11.501259Z,-34.473577,150.902133,trains.json
QL015,,QUBE Empty Ore,4811,4811 Carrington CSA Mine Cobar,2026-05-01T16:33:33.123186Z,2026-05-02T13:03:19.673293Z,-32.63125,148.972507,trains.json
QL016,,QUBE Containerised Freight,1465,1465 Cooks River / Port Botany Broadmeadow / Port Waratah,2026-05-02T00:01:53.348874Z,2026-05-02T12:31:56.578266Z,-32.904743,151.769853,trains.json
QL019,,QUBE Trip Train,T464,T464,2026-05-01T16:02:22.508770Z,2026-05-02T13:03:19.673293Z,-32.928173,151.72716,trains.json
QR1744,,Kuranda Scenic Railway,C61T,C61T kuranda cairns,2026-05-01T22:31:39.679498Z,2026-05-02T06:03:21.745788Z,-16.925557,145.771138,trains.json
QR1771,,Kuranda Scenic Railway,C65T,C65T kuranda cairns,2026-05-01T23:31:39.024689Z,2026-05-02T07:33:13.225952Z,-16.925557,145.771138,trains.json
QR5400,,Spirit of Queensland,C79T,C79T brisbane-roma-st townsville,2026-05-01T16:02:22.508770Z,2026-05-02T11:33:58.854165Z,-24.629022,151.911587,trains.json
QR5404,,Spirit of Queensland,976T,976T townsville brisbane-roma-st,2026-05-01T16:02:22.508770Z,2026-05-02T01:33:05.355076Z,-27.464811,153.018341,trains.json
RA2303,,,HY93,HY93,2026-05-01T17:03:17.780165Z,2026-05-01T17:03:17.780165Z,-33.863603,151.057467,trains.json
RB2353,,,NY92,NY92,2026-05-01T16:02:22.508770Z,2026-05-01T16:33:33.123186Z,-33.817363,151.08984,trains.json
RL303,,QUBE Containerised Freight,5116,5116 TIFF (West Tamworth) Cooks River / IMEX Terminal Moorebank,2026-05-01T18:32:36.697424Z,2026-05-02T07:01:16.269401Z,-31.086997,150.88316,trains.json
S312,,SSR Manildra Grain Shuttle,8876,8876 Western NSW Manildra,2026-05-01T16:02:22.508770Z,2026-05-02T02:03:43.962023Z,-32.237353,148.247853,trains.json
S317,,SSR Trip Train,T276,"T276 Yennora DP World, Port Botany",2026-05-01T17:03:17.780165Z,2026-05-01T19:31:30.048631Z,-33.964697,151.218933,trains.json
SCT002,,SCT Intermodal,7GP1,"7GP1 SCT, Parkes SCT, Forrestfield",2026-05-02T07:01:16.269401Z,2026-05-02T13:03:19.673293Z,-33.083533,147.150427,trains.json
SCT008,,SCT Intermodal,5MB9,"5MB9 SCT, Laverton SCT, Bromelton",2026-05-01T16:02:22.508770Z,2026-05-02T08:03:36.971806Z,-27.957753,152.921587,trains.json
SCT009,,SCT Intermodal,6PM9,"6PM9 SCT, Forrestfield SCT, Laverton",2026-05-01T17:32:11.102310Z,2026-05-02T13:03:19.673293Z,-31.005353,125.06124,trains.json
SO2,,Spirit of the Outback,W57T,W57T brisbane-roma-st longreach,2026-05-02T11:33:58.854165Z,2026-05-02T13:03:19.673293Z,-23.845715,151.262614,trains.json
SSR104,,SSR Trip Train (Weston Milling),T272,T272 Enfield,2026-05-01T16:02:22.508770Z,2026-05-01T16:33:33.123186Z,-33.904153,151.074067,trains.json
T363,,SSR Manildra Grain Shuttle,8874,8874 Western NSW Manildra,2026-05-02T04:32:02.339668Z,2026-05-02T07:01:16.269401Z,-33.186693,148.69456,trains.json
T373,,Watco Trip Train,T921,T921,2026-05-01T16:02:22.508770Z,2026-05-02T12:03:54.495244Z,-34.463583,150.87788,trains.json
TDX101,,Maintenance Train,1M72,1M72,2026-05-01T20:33:00.772685Z,2026-05-01T20:33:00.772685Z,-33.88361,151.05968,trains.json
TE2804,,Bathurst Bullet,WN18,WN18,2026-05-01T22:02:52.625536Z,2026-05-02T13:03:19.673293Z,-33.50798,149.976933,trains.json
TE2806,,South Coast Empty Car Transfer,KN87,KN87 Coniston Port Kembla,2026-05-01T16:33:33.123186Z,2026-05-02T12:03:54.495244Z,-34.456917,150.876413,trains.json
TE2813,,Bathurst Bullet - Transfer,WN16,WN16 Bathurst Lithgow,2026-05-01T20:33:00.772685Z,2026-05-02T11:02:54.863060Z,-33.47538,150.1732,trains.json
TT03,,PN Coal,HV975,HV975 NCIG Kooragang Hunter Valley,2026-05-01T21:03:03.212633Z,2026-05-02T13:03:19.673293Z,-32.864283,151.73764,trains.json
TT04,,PN Coal,GR405,GR405,2026-05-01T16:02:22.508770Z,2026-05-02T12:03:54.495244Z,-32.6717,151.37036,trains.json
TT05,,Down Ardglen Bank Engines,PNBKDN,PNBKDN Ardglen Loop Chilcotts Creek Loop,2026-05-02T00:33:33.671879Z,2026-05-02T13:03:19.673293Z,-31.66941,150.74184,trains.json
TT08,,Up Ardglen Bank Engines,PNBKUP,PNBKUP Chilcotts Creek Loop Ardglen Loop,2026-05-01T16:02:22.508770Z,2026-05-02T13:03:19.673293Z,-31.67059,150.742853,trains.json
TT103,,PN Coal,MR281,MR281 PWCS Kooragang Moolarben,2026-05-01T16:02:22.508770Z,2026-05-02T13:03:19.673293Z,-32.26516,149.796,trains.json
TT105,,PN Minerals,1229,1229 Rooty Hill Lynwood Siding (Marulan),2026-05-01T16:02:22.508770Z,2026-05-02T08:32:53.971117Z,-33.901577,151.07228,trains.json
TT107,,PN Coal,MR210,MR210,2026-05-01T16:02:22.508770Z,2026-05-02T13:03:19.673293Z,-32.32092,150.745427,trains.json
TT113,,PN Coal,BG361,BG361 PWCS Koorgang Bengalla,2026-05-01T16:33:33.123186Z,2026-05-02T13:03:19.673293Z,-32.45746,151.09132,trains.json
TT115,,PN Coal,MR208,MR208,2026-05-01T16:02:22.508770Z,2026-05-02T13:03:19.673293Z,-32.71832,151.467653,trains.json
TT123,,PN Coal,MR979,MR979 NCIG Kooragang Moolarben,2026-05-01T19:02:50.446470Z,2026-05-02T13:03:19.673293Z,-32.400813,150.63696,trains.json
TT126,,PN Coal,GR487,GR487 Eraring PN Greta TSF,2026-05-01T16:02:22.508770Z,2026-05-02T13:03:19.673293Z,-32.81539,151.676747,trains.json
TT129,,PN Coal,MB933,MB933 NCIG Kooragang Maules Creek,2026-05-01T16:02:22.508770Z,2026-05-02T13:03:19.673293Z,-31.30651,150.52912,trains.json
TT130,,PN Coal,BG313,BG313 PWCS Kooragang Bengalla,2026-05-01T16:02:22.508770Z,2026-05-02T13:03:19.673293Z,-32.288233,150.82864,trains.json
TT202,,PN Coal,MR906,MR906 Moolarben NCIG Kooragang,2026-05-01T22:02:52.625536Z,2026-05-02T13:03:19.673293Z,-32.869073,151.722293,trains.json
TT204,,PN Light Engine Movement,D410,D410,2026-05-02T06:31:11.501259Z,2026-05-02T07:33:13.225952Z,-32.902753,151.75876,trains.json
TT206,,PN Coal,WK973,WK973 NCIG Kooragang Warkworth,2026-05-01T16:02:22.508770Z,2026-05-02T13:03:19.673293Z,-32.903167,151.754187,trains.json
VL00,,Empty Car Provisioning,9643,9643 Southern Cross VLP Arrival Yard,2026-05-02T08:32:53.971117Z,2026-05-02T10:02:48.052449Z,-37.80537,144.93968,trains.json
VL01,,Northern Line Service,8032,8032 Epsom (M-F) Bendigo (S-S) Southern Cross,2026-05-01T23:31:39.024689Z,2026-05-02T04:32:02.339668Z,-37.81446,144.94964,trains.json
VL03,,Western Line Service,8148,8148 Wendouree Southern Cross,2026-05-02T01:33:05.355076Z,2026-05-02T10:02:48.052449Z,-37.81748,144.950507,trains.json
VL06,,South West Line Service,8869,8869 Southern Cross Warrnambool,2026-05-02T04:32:02.339668Z,2026-05-02T10:02:48.052449Z,-38.084827,144.372493,trains.json
VL08,,Western Line Service,8144,8144 Wendouree Southern Cross,2026-05-01T22:15:31.143054Z,2026-05-02T08:32:53.971117Z,-37.812857,144.94752,trains.json
VL09,,South Western Line Service,8714,8714 South Geelong Southern Cross,2026-05-01T21:03:03.212633Z,2026-05-01T21:03:03.212633Z,-37.9304,144.581533,trains.json
VL10,,Northern Line Service,8053,8053 Southern Cross Epsom,2026-05-02T11:02:54.863060Z,2026-05-02T11:02:54.863060Z,-37.794657,144.838893,trains.json
VL11,,South Western Line Service,8815,8815 Southern Cross Waurn Ponds (M-Sa),2026-05-01T16:02:22.508770Z,2026-05-02T13:03:19.673293Z,-37.786523,144.830987,trains.json
VL15,,Empty Transfer for Maintenance,8193,8193 Southern Cross Ballarat Bombardier (via Geelong),2026-05-02T00:01:53.348874Z,2026-05-02T13:03:19.673293Z,-37.78653,144.831,trains.json
VL16,,Western Line Service,8158,8158 Wendouree Southern Cross,2026-05-01T23:03:30.107607Z,2026-05-02T13:03:19.673293Z,-37.811307,144.94572,trains.json
VL17,,Northern Line Service,8030,8030 Bendigo Southern Cross,2026-05-01T17:32:11.102310Z,2026-05-02T03:31:41.198982Z,-37.7996,144.865147,trains.json
VL18,,Northern Line Service,8057,8057 Southern Cross Bendigo (M-Sa),2026-05-02T01:33:05.355076Z,2026-05-02T12:31:56.578266Z,-37.774693,144.82256,trains.json
VL19,,Northern Line Service,8049,8049 Southern Cross Bendigo,2026-05-01T23:31:39.024689Z,2026-05-02T09:31:09.208054Z,-37.805883,144.939147,trains.json
VL22,,Northern Line Service,8051,8051 Southern Cross Bendigo,2026-05-02T02:34:12.338876Z,2026-05-02T10:02:48.052449Z,-37.800817,144.874947,trains.json
VL27,,South Western Line Service,8813,8813 Southern Cross Station Waurn Ponds Station,2026-05-02T03:02:41.497814Z,2026-05-02T13:03:19.673293Z,-38.112853,144.354253,trains.json
VL35,,South Western Line Service,8811,8811 Southern Cross Waurn Ponds,2026-05-01T23:03:30.107607Z,2026-05-02T12:31:56.578266Z,-38.11292,144.354227,trains.json
VL39,,Western Line Service,8151,8151 Southern Cross Wendouree,2026-05-02T00:01:53.348874Z,2026-05-02T09:31:09.208054Z,-37.801773,144.9018,trains.json
VL40,,Western Line Service,8131,8131 Southern Cross Wendouree,2026-05-02T05:33:25.867811Z,2026-05-02T05:33:25.867811Z,-37.802653,144.898573,trains.json
VL42,,Empty Car Provisioning,9692,9692,2026-05-02T06:31:11.501259Z,2026-05-02T13:03:19.673293Z,-37.802677,144.891587,trains.json
VL54,,South Western Line Service,8894,8894 South Geelong Southern Cross,2026-05-02T07:33:13.225952Z,2026-05-02T11:02:54.863060Z,-37.814767,144.950013,trains.json
VL56,,South Western Line Service,8867,8867 Southern Cross Station Warrnambool,2026-05-02T07:33:13.225952Z,2026-05-02T08:03:36.971806Z,-38.1128,144.35428,trains.json
VL58,,Western Line Service,8186,8186 Ararat Southern Cross,2026-05-02T00:01:53.348874Z,2026-05-02T06:31:11.501259Z,-37.798807,144.919307,trains.json
VL59,,South Western Line Service,8814,8814 Waurn Ponds Southern Cross,2026-05-01T20:03:01.831790Z,2026-05-02T12:03:54.495244Z,-37.8089,144.943653,trains.json
VL60,,South Western Line Service,8805,8805 Southern Cross Station Waurn Ponds Station,2026-05-02T00:33:33.671879Z,2026-05-02T11:33:58.854165Z,-38.112887,144.354227,trains.json
VL62,,Western Line Service,8187,8187 Southern Cross Ararat,2026-05-02T00:01:53.348874Z,2026-05-02T09:02:33.883804Z,-37.786527,144.830987,trains.json
VL63,,Empty Car Provisioning,9988,9988,2026-05-02T11:33:58.854165Z,2026-05-02T13:03:19.673293Z,-37.907523,144.600307,trains.json
VL66,,South Western Line Service,8818,8818 Waurn Ponds (M- Sa) Southern Cross,2026-05-01T22:02:52.625536Z,2026-05-02T13:03:19.673293Z,-37.80292,144.935773,trains.json
VL67,,South Western Line Service,8804,8804 Waurn Ponds (S-S) / South Geelong (M-F) Southern Cross,2026-05-02T01:03:49.189918Z,2026-05-02T10:02:48.052449Z,-37.801637,144.903333,trains.json
VL68,,Empty Car Provisioning,9671,9671,2026-05-01T22:15:31.143054Z,2026-05-02T12:31:56.578266Z,-37.806273,144.93584,trains.json
VL70,,South Western Line Service,8816,8816 Waurn Ponds Southern Cross,2026-05-01T23:31:39.024689Z,2026-05-02T12:31:56.578266Z,-37.814213,144.949493,trains.json
VL71,,South Western Line Service,8866,8866 Warrnambool Station Southern Cross Station,2026-05-02T03:31:41.198982Z,2026-05-02T09:02:33.883804Z,-37.806743,144.941213,trains.json
VL72,,South Western Line Service,8893,8893 Southern Cross Geelong,2026-05-01T22:02:52.625536Z,2026-05-02T13:03:19.673293Z,-37.786563,144.831027,trains.json
VL75,,Northern Line Service,8077,8077 Southern Cross Echuca,2026-05-02T07:33:13.225952Z,2026-05-02T08:32:53.971117Z,-37.77467,144.822507,trains.json
VL83,,Western Line Service,8180,8180 Ararat Southern Cross,2026-05-01T23:31:39.024689Z,2026-05-02T00:33:33.671879Z,-37.817567,144.951773,trains.json
VL85,,V/Line Light Engine,0951,0951,2026-05-02T00:33:33.671879Z,2026-05-02T08:03:36.971806Z,-37.806207,144.935453,trains.json
VL86,,Western Line Service,8155,8155 Southern Cross Wendouree,2026-05-01T22:31:39.679498Z,2026-05-02T11:02:54.863060Z,-37.786638,144.831074,trains.json
VL88,,Western Line Service,8159,8159 Southern Cross Wendouree,2026-05-01T22:02:52.625536Z,2026-05-02T12:31:56.578266Z,-37.799423,144.86304,trains.json
VL89,,TBA,9698,9698,2026-05-02T00:33:33.671879Z,2026-05-02T01:33:05.355076Z,-37.810637,144.944333,trains.json
VL90,,South Western Line Service,8809,8809 Southern Cross Waurn Ponds,2026-05-01T22:02:52.625536Z,2026-05-02T12:03:54.495244Z,-38.104777,144.359173,trains.json
VL99,,South Western Line Service,8820,8820 Waurn Ponds Southern Cross,2026-05-02T01:03:49.189918Z,2026-05-02T13:03:19.673293Z,-37.908333,144.600133,trains.json
VL100,,,9645,9645,2026-05-02T11:02:54.863060Z,2026-05-02T11:02:54.863060Z,-37.81271,144.94668,trains.json
VL101,,Western Line Service,8152,8152 Wendouree Southern Cross,2026-05-02T02:34:12.338876Z,2026-05-02T11:02:54.863060Z,-37.806087,144.939587,trains.json
VL102,,Northern Line Service,8059,8059 Southern Cross Bendigo,2026-05-02T01:03:49.189918Z,2026-05-02T13:03:19.673293Z,-37.79877,144.918747,trains.json
VL103,,South Western Line Service,8806,8806 Waurn Ponds Southern Cross,2026-05-01T22:31:39.679498Z,2026-05-02T10:33:54.109373Z,-37.80863,144.9428,trains.json
VL107,,Northern Line Service,8029,8029 Southern Cross Bendigo,2026-05-02T06:31:11.501259Z,2026-05-02T06:31:11.501259Z,-37.774727,144.822547,trains.json
VL109,,South Western Line Service,8868,8868 Warrnambool Southern Cross,2026-05-01T17:03:17.780165Z,2026-05-02T11:02:54.863060Z,-37.801694,144.902319,trains.json
VL111,,South Western Line Service,8802,8802 Waurn Ponds Southern Cross,2026-05-02T00:01:53.348874Z,2026-05-02T10:02:48.052449Z,-37.81668,144.951453,trains.json
VL112,,SouthWest Line Service,8810,8810 Waurn Ponds Station Southern Cross Station,2026-05-01T23:03:30.107607Z,2026-05-02T11:33:58.854165Z,-37.80844,144.94224,trains.json
VL113,,Northern Line Service,8056,8056 Bendigo (M-Sa) Southern Cross,2026-05-02T03:02:41.497814Z,2026-05-02T13:03:19.673293Z,-37.80274,144.892427,trains.json
VL116,,Empty Car Provisioning,9993,9993,2026-05-02T00:33:33.671879Z,2026-05-02T11:02:54.863060Z,-37.805933,144.93376,trains.json
VL117,,N/A,2,2,2026-05-02T07:33:13.225952Z,2026-05-02T13:03:19.673293Z,-37.81556,144.950307,trains.json
VL120,,Empty Car Provisioning,9643,9643 Southern Cross VLP Arrival Yard,2026-05-01T23:03:30.107607Z,2026-05-02T09:31:09.208054Z,-37.80928,144.944027,trains.json
VL121,,Empty Car Provisioning,9649,9649,2026-05-02T12:31:56.578266Z,2026-05-02T13:03:19.673293Z,-37.80536,144.930773,trains.json
VL124,,South Western Line Service,8822,8822 Waurn Ponds Southern Cross,2026-05-01T22:02:52.625536Z,2026-05-02T13:03:19.673293Z,-38.101027,144.363693,trains.json
VL125,,Western Line Service,8137,8137 Southern Cross Station Wendouree Station,2026-05-02T01:03:49.189918Z,2026-05-02T07:01:16.269401Z,-37.786557,144.831,trains.json
VL128,,Western Line Service,8189,8189 Southern Cross Ararat,2026-05-01T23:03:30.107607Z,2026-05-02T11:33:58.854165Z,-37.799067,144.86004,trains.json
VL131,,South Western Line Service,8757,8757 Southern Cross Waurn Ponds,2026-05-01T19:31:30.048631Z,2026-05-02T04:32:02.339668Z,-37.786523,144.830973,trains.json
VL135,,"Empty Car Provisioning, ex 8464",9639,9639 Southern Cross VLP Arrivals Yard,2026-05-02T00:33:33.671879Z,2026-05-02T12:03:54.495244Z,-37.81495,144.948733,trains.json
VL136,,Western Line Service,8153,8153 Southern Cross Wendouree,2026-05-02T02:03:43.962023Z,2026-05-02T10:33:54.109373Z,-37.786537,144.831,trains.json
VL137,,Northern Line Service,2237,2237,2026-05-01T22:02:52.625536Z,2026-05-02T04:03:35.423661Z,-37.81265,144.948387,trains.json
VL138,,South Western Line Service,8812,8812 Waurn Ponds Southern Cross,2026-05-02T02:34:12.338876Z,2026-05-02T12:03:54.495244Z,-37.806337,144.939773,trains.json
VL139,,Western Line Service,8185,8185 Southern Cross Ararat,2026-05-01T23:31:39.024689Z,2026-05-02T03:31:41.198982Z,-37.8019,144.90156,trains.json
VL140,,South Western Line Service,8807,8807 Southern Cross Waurn Ponds,2026-05-02T01:33:05.355076Z,2026-05-02T11:33:58.854165Z,-38.068817,144.382133,trains.json
VL354,,SRS Shunter,ANDY,ANDY,2026-05-01T16:02:22.508770Z,2026-05-02T10:02:48.052449Z,-34.703557,138.599107,trains.json
VL357,,QUBE Wagon Transfer,9104,9104,2026-05-01T20:03:01.831790Z,2026-05-02T01:33:05.355076Z,-37.811027,144.93232,trains.json
VR78,,Western Line Service,8154,8154 Wendouree Southern Cross,2026-05-02T03:31:41.198982Z,2026-05-02T12:03:54.495244Z,-37.80618,144.93968,trains.json
VR79,,South Western Line Service,8803,8803 Southern Cross Waurn Ponds,2026-05-01T16:02:22.508770Z,2026-05-02T11:02:54.863060Z,-38.112807,144.354253,trains.json
WL02,,The Westlander,987T,987T charleville brisbane-roma-st,2026-05-01T16:33:33.123186Z,2026-05-01T16:33:33.123186Z,-26.660332,150.233924,trains.json
X10,,Special Event Service,LX,LX,2026-05-02T12:03:54.495244Z,2026-05-02T12:31:56.578266Z,-33.885269,151.20694,trains.json
X11,,Special Event Service,LX,LX,2026-05-02T11:33:58.854165Z,2026-05-02T12:03:54.495244Z,-33.884762,151.207245,trains.json
X34,,Special Event Service,LX,LX,2026-05-02T08:32:53.971117Z,2026-05-02T12:31:56.578266Z,-33.8848,151.207153,trains.json
X41,,Special Event Service,LX,LX,2026-05-02T08:32:53.971117Z,2026-05-02T12:31:56.578266Z,-33.884289,151.207703,trains.json
XP2005,,,HT48,HT48,2026-05-02T06:03:21.745788Z,2026-05-02T06:03:21.745788Z,-33.830333,151.086947,trains.json
XP2006,,NSW Trainlink XPT,NT31,NT31 Central Station (Sydney) Roma St (Brisbane),2026-05-01T21:03:03.212633Z,2026-05-02T13:03:19.673293Z,-30.56144,153.015933,trains.json
XP2007,,NSW Trainlink XPT,NT34,NT34 Casino Central,2026-05-01T20:03:01.831790Z,2026-05-02T13:03:19.673293Z,-30.663583,152.929667,trains.json
XP2008,,NSW Trainlink Empty Car Transfer,HT49,HT49,2026-05-01T19:02:50.446470Z,2026-05-02T06:31:11.501259Z,-33.90962,151.086267,trains.json
XP2009,,NSW Trainlink Empty Car Transfer,HT42,HT42,2026-05-01T16:02:22.508770Z,2026-05-02T04:32:02.339668Z,-33.866783,151.090907,trains.json
XP2010,,NSW Trainlink Empty Car Transfer,HT14,HT14,2026-05-01T20:33:00.772685Z,2026-05-02T12:31:56.578266Z,-33.9163,151.162533,trains.json
XP2011,,NSW Trainlink Empty Car Transfer,HT47,HT47,2026-05-02T00:33:33.671879Z,2026-05-02T01:33:05.355076Z,-33.85794,151.087853,trains.json
XP2013,,NSW Trainlink Empty Car Transfer,HT51,HT51,2026-05-01T16:02:22.508770Z,2026-05-02T10:33:54.109373Z,-33.839147,151.085493,trains.json
XP2014,,NSW TrainLink XPT,NT33,NT33 Central Casino,2026-05-01T20:03:01.831790Z,2026-05-02T09:02:33.883804Z,-28.864467,153.037333,trains.json
XP2015,,NSW Trainlink Empty Car Transfer,HT13,HT13,2026-05-01T19:31:30.048631Z,2026-05-02T11:02:54.863060Z,-33.843997,151.085267,trains.json
XP2016,,NSW Trainlink Empty Car Transfer,HT52,HT52,2026-05-01T20:33:00.772685Z,2026-05-02T11:33:58.854165Z,-33.909093,151.136747,trains.json
XP2019,,NSW TrainLink XPT,NT35,NT35 Central Grafton,2026-05-02T00:33:33.671879Z,2026-05-02T12:31:56.578266Z,-29.70126,152.942653,trains.json
XRN002,,ORA Coal,BC407,BC407 Vales Point / Eraring Bulga,2026-05-01T17:32:11.102310Z,2026-05-02T13:03:19.673293Z,-32.675233,151.12716,trains.json
XRN005,,ORA Coal,UL128,UL128 Ulan PWCS Kooragang,2026-05-01T16:02:22.508770Z,2026-05-02T13:03:19.673293Z,-32.874377,151.770347,trains.json
XRN009,,ORA Coal,BW268,BW268,2026-05-01T16:02:22.508770Z,2026-05-02T13:03:19.673293Z,-32.75934,151.611333,trains.json
XRN018,,ORA Coal,MN256,MN256 Mangoola PWCS Kooragang,2026-05-01T16:02:22.508770Z,2026-05-02T13:03:19.673293Z,-32.51917,151.153587,trains.json
XRN021,,ORA Coal,MO320,MO320 Mt Owen PWCS Kooragang,2026-05-01T16:02:22.508770Z,2026-05-02T13:03:19.673293Z,-32.45775,151.101427,trains.json
XRN022,,ORA Coal,RV284,RV284 Ravensworth PWCS Kooragang,2026-05-01T16:02:22.508770Z,2026-05-02T13:03:19.673293Z,-32.870283,151.75968,trains.json
XRN028,,ORA Coal,MN329,MN329 PWCS Kooragang Mangoola,2026-05-01T16:02:22.508770Z,2026-05-02T13:03:19.673293Z,-32.317113,150.716133,trains.json
XRN029,,ORA Coal,UL244,UL244 Ulan PWCS Kooragang,2026-05-01T16:02:22.508770Z,2026-05-02T13:03:19.673293Z,-32.37401,150.46248,trains.json
Y163,,V/Line Light Engine Movement,0976,0976,2026-05-02T07:01:16.269401Z,2026-05-02T07:01:16.269401Z,-37.81326,144.948507,trains.json
